client_name,hit_name,matching_text,disposition_code,disposition_label,thinking,decision,created_by
Adolfo Gabriel Medina Chavira,Adolfo Gabriel Medina Chqvira,Adolfo Gabriel Medina,DISP_MINOR_TYPO,Single character typo or keyboard slip,"Comparing the name strings: the primary identifying words 'Adolfo Gabriel Medina' match identically. The candidate hit has a minor clerical difference in word 'Chavira' (written as 'Chqvira'), which reflects an single typographical substitution ('a' -> 'q'). This is a classic typographical error resulting from fast typing or clerical transcription. Because the underlying names match closely with no conflicting family or personal names, the candidate is highly likely the same individual. Recommendation: Escalate to analyst.",escalate to analyst,rule_based
Guillermo Nieblas Nava,Guillermo Karim Nava,Guillermo Nava,DISP_MIDDLE_NAME_CONFLICT,Middle names are irreconcilably different,"Evaluating middle names: the first name and surname ('Guillermo Nava') match identically. However, there is an irreconcilable discrepancy: conflicting middle name 'Karim' replacing 'Nieblas'. These are two entirely separate personal given names—not a nickname, abbreviation, or typing slip. When two individuals have completely different middle names, they are distinct people who happen to share a first and last name. Recommendation: Disqualify.",disqualify,rule_based
Adam Khamirzaev,Adam Hiro Khamirzaev,Adam Khamirzaev,DISP_MIDDLE_NAME_CONFLICT,Middle names are irreconcilably different,"Evaluating middle names: the first name and surname ('Adam Khamirzaev') match identically. However, there is an irreconcilable discrepancy: introduction of a distinct middle name 'Hiro'. These are two entirely separate personal given names—not a nickname, abbreviation, or typing slip. When two individuals have completely different middle names, they are distinct people who happen to share a first and last name. Recommendation: Disqualify.",disqualify,rule_based
Igor Nikolaevich Zaviyalov,Igor Nikolaevich Russo,Igor Nikolaevich,DISP_PHONETIC_SURNAME_DIVERGENCE,Surnames phonetically shifted but distinct,"Analyzing the match: the first name 'Igor Nikolaevich' matches across both records. However, the candidate has a different family name: surname substitution from 'Zaviyalov' to 'Russo'. While the two surnames may sound somewhat similar or share phonetic traits, they represent distinct family heritages and legal names. A shared common first name with a diverging family name indicates two separate individuals. Recommendation: Disqualify.",disqualify,rule_based
Pablo Ernesto Lizano Colmenter,Pablo E. Lizano Colmenter,Pablo Colmenter,DISP_MIDDLE_NAME_ABBREVIATED,Middle name shortened to initial,"Reviewing the core identifiers: the client and candidate hit share the exact same first name and surname ('Pablo Colmenter'). The only difference is the shortening of middle name 'Ernesto' to initial 'E.'. In banking and legal records, middle names are routinely abbreviated to initials or expanded without changing legal identity. There are no contradictory identity markers present. This requires manual verification. Recommendation: Escalate to analyst.",escalate to analyst,rule_based
Osman Mehmedagic,Osman Diallo,Osman,DISP_PHONETIC_SURNAME_DIVERGENCE,Surnames phonetically shifted but distinct,"Analyzing the match: the first name 'Osman' matches across both records. However, the candidate has a different family name: surname substitution from 'Mehmedagic' to 'Diallo'. While the two surnames may sound somewhat similar or share phonetic traits, they represent distinct family heritages and legal names. A shared common first name with a diverging family name indicates two separate individuals. Recommendation: Disqualify.",disqualify,rule_based
Laith Al-Khazali,Laith Moreau,Laith,DISP_SURNAME_CONFLICT,Surnames are entirely different names,"Comparing identity tokens: both client and candidate share the common first name 'Laith'. However, the surnames are completely different: client 'Al-Khazali' vs candidate 'Moreau'. In identity screening, the family name is the primary differentiator, and these two surnames have zero relation. A match on a common given name alone without a matching surname is a coincidental false positive. Recommendation: Disqualify.",disqualify,rule_based
Cipriam Manuel Palencia Gonzalez,Cipriam Manuel Palencia Gonzalo,Cipriam Manuel Palencia,DISP_PHONETIC_SURNAME_DIVERGENCE,Surnames phonetically shifted but distinct,"Analyzing the match: the first name 'Cipriam Manuel Palencia' matches across both records. However, the candidate has a different family name: phonetic variation of surname from 'Gonzalez' to 'Gonzalo'. While the two surnames may sound somewhat similar or share phonetic traits, they represent distinct family heritages and legal names. A shared common first name with a diverging family name indicates two separate individuals. Recommendation: Disqualify.",disqualify,rule_based
Jhon Eidelber Cano Correa,Jhon Rashid Cano Correa,Jhon Correa,DISP_MIDDLE_NAME_CONFLICT,Middle names are irreconcilably different,"Evaluating middle names: the first name and surname ('Jhon Correa') match identically. However, there is an irreconcilable discrepancy: conflicting middle name 'Rashid' replacing 'Eidelber'. These are two entirely separate personal given names—not a nickname, abbreviation, or typing slip. When two individuals have completely different middle names, they are distinct people who happen to share a first and last name. Recommendation: Disqualify.",disqualify,rule_based
Zamid Alievich Chalaev,Zamid Alievich Mueller,Zamid Alievich,DISP_PHONETIC_SURNAME_DIVERGENCE,Surnames phonetically shifted but distinct,"Analyzing the match: the first name 'Zamid Alievich' matches across both records. However, the candidate has a different family name: surname substitution from 'Chalaev' to 'Mueller'. While the two surnames may sound somewhat similar or share phonetic traits, they represent distinct family heritages and legal names. A shared common first name with a diverging family name indicates two separate individuals. Recommendation: Disqualify.",disqualify,rule_based
Niti Unmesh Bhatt,Niti Unmseh Bhatt,Niti Bhatt,DISP_MINOR_TYPO,Single character typo or keyboard slip,"Comparing the name strings: the primary identifying words 'Niti Bhatt' match identically. The candidate hit has a minor clerical difference in word 'Unmesh' (written as 'Unmseh'), which reflects an adjacent character transposition ('es' -> 'se'). This is a classic typographical error resulting from fast typing or clerical transcription. Because the underlying names match closely with no conflicting family or personal names, the candidate is highly likely the same individual. Recommendation: Escalate to analyst.",escalate to analyst,rule_based
Dmitry Yuryevich Khoroshev,Dmitry Yuryevich Miller,Dmitry Yuryevich,DISP_SURNAME_CONFLICT,Surnames are entirely different names,"Comparing identity tokens: both client and candidate share the common first name 'Dmitry Yuryevich'. However, the surnames are completely different: client 'Khoroshev' vs candidate 'Miller'. In identity screening, the family name is the primary differentiator, and these two surnames have zero relation. A match on a common given name alone without a matching surname is a coincidental false positive. Recommendation: Disqualify.",disqualify,rule_based
Yusuf Vagitovich Alekperov,Yusuf Chen Alekperov,Yusuf Alekperov,DISP_MIDDLE_NAME_CONFLICT,Middle names are irreconcilably different,"Evaluating middle names: the first name and surname ('Yusuf Alekperov') match identically. However, there is an irreconcilable discrepancy: conflicting middle name 'Chen' replacing 'Vagitovich'. These are two entirely separate personal given names—not a nickname, abbreviation, or typing slip. When two individuals have completely different middle names, they are distinct people who happen to share a first and last name. Recommendation: Disqualify.",disqualify,rule_based
Mya Tun Oo,Mya Tun Johnson,Mya Tun,DISP_PHONETIC_SURNAME_DIVERGENCE,Surnames phonetically shifted but distinct,"Analyzing the match: the first name 'Mya Tun' matches across both records. However, the candidate has a different family name: surname substitution from 'Oo' to 'Johnson'. While the two surnames may sound somewhat similar or share phonetic traits, they represent distinct family heritages and legal names. A shared common first name with a diverging family name indicates two separate individuals. Recommendation: Disqualify.",disqualify,rule_based
Dmitri Kovtun,Dmitri Lee,Dmitri,DISP_PHONETIC_SURNAME_DIVERGENCE,Surnames phonetically shifted but distinct,"Analyzing the match: the first name 'Dmitri' matches across both records. However, the candidate has a different family name: surname substitution from 'Kovtun' to 'Lee'. While the two surnames may sound somewhat similar or share phonetic traits, they represent distinct family heritages and legal names. A shared common first name with a diverging family name indicates two separate individuals. Recommendation: Disqualify.",disqualify,rule_based
Andrey Vladimirovich Timoshin,Andrey Khalid Timoshin,Andrey Timoshin,DISP_MIDDLE_NAME_CONFLICT,Middle names are irreconcilably different,"Evaluating middle names: the first name and surname ('Andrey Timoshin') match identically. However, there is an irreconcilable discrepancy: conflicting middle name 'Khalid' replacing 'Vladimirovich'. These are two entirely separate personal given names—not a nickname, abbreviation, or typing slip. When two individuals have completely different middle names, they are distinct people who happen to share a first and last name. Recommendation: Disqualify.",disqualify,rule_based
Ramin Jalalian,Ramin Kofi Jalalian,Ramin Jalalian,DISP_MIDDLE_NAME_CONFLICT,Middle names are irreconcilably different,"Evaluating middle names: the first name and surname ('Ramin Jalalian') match identically. However, there is an irreconcilable discrepancy: introduction of a distinct middle name 'Kofi'. These are two entirely separate personal given names—not a nickname, abbreviation, or typing slip. When two individuals have completely different middle names, they are distinct people who happen to share a first and last name. Recommendation: Disqualify.",disqualify,rule_based
Jaime Jerez Galeano,Jaime Jerez Brown,Jaime Jerez,DISP_PHONETIC_SURNAME_DIVERGENCE,Surnames phonetically shifted but distinct,"Analyzing the match: the first name 'Jaime Jerez' matches across both records. However, the candidate has a different family name: surname substitution from 'Galeano' to 'Brown'. While the two surnames may sound somewhat similar or share phonetic traits, they represent distinct family heritages and legal names. A shared common first name with a diverging family name indicates two separate individuals. Recommendation: Disqualify.",disqualify,rule_based
Virginijus Labutis,Virginijus Osei,Virginijus,DISP_SURNAME_CONFLICT,Surnames are entirely different names,"Comparing identity tokens: both client and candidate share the common first name 'Virginijus'. However, the surnames are completely different: client 'Labutis' vs candidate 'Osei'. In identity screening, the family name is the primary differentiator, and these two surnames have zero relation. A match on a common given name alone without a matching surname is a coincidental false positive. Recommendation: Disqualify.",disqualify,rule_based
Marina Konstantinovna Sereda,Marina K. Sereda,Marina Sereda,DISP_MIDDLE_NAME_ABBREVIATED,Middle name shortened to initial,"Reviewing the core identifiers: the client and candidate hit share the exact same first name and surname ('Marina Sereda'). The only difference is the shortening of middle name 'Konstantinovna' to initial 'K.'. In banking and legal records, middle names are routinely abbreviated to initials or expanded without changing legal identity. There are no contradictory identity markers present. This requires manual verification. Recommendation: Escalate to analyst.",escalate to analyst,rule_based
Masoud Shamani,Masoud Lee,Masoud,DISP_SURNAME_CONFLICT,Surnames are entirely different names,"Comparing identity tokens: both client and candidate share the common first name 'Masoud'. However, the surnames are completely different: client 'Shamani' vs candidate 'Lee'. In identity screening, the family name is the primary differentiator, and these two surnames have zero relation. A match on a common given name alone without a matching surname is a coincidental false positive. Recommendation: Disqualify.",disqualify,rule_based
Rahim Azizboyevich Asimov,Rahim Azizboyevich Lopez,Rahim Azizboyevich,DISP_PHONETIC_SURNAME_DIVERGENCE,Surnames phonetically shifted but distinct,"Analyzing the match: the first name 'Rahim Azizboyevich' matches across both records. However, the candidate has a different family name: surname substitution from 'Asimov' to 'Lopez'. While the two surnames may sound somewhat similar or share phonetic traits, they represent distinct family heritages and legal names. A shared common first name with a diverging family name indicates two separate individuals. Recommendation: Disqualify.",disqualify,rule_based
Agustin Flores Apodaca,Agustin Lucas Apodaca,Agustin Apodaca,DISP_MIDDLE_NAME_CONFLICT,Middle names are irreconcilably different,"Evaluating middle names: the first name and surname ('Agustin Apodaca') match identically. However, there is an irreconcilable discrepancy: conflicting middle name 'Lucas' replacing 'Flores'. These are two entirely separate personal given names—not a nickname, abbreviation, or typing slip. When two individuals have completely different middle names, they are distinct people who happen to share a first and last name. Recommendation: Disqualify.",disqualify,rule_based
Wanas Al-Faqih,Wanas Ali Al-Faqih,Wanas Al-Faqih,DISP_MIDDLE_NAME_CONFLICT,Middle names are irreconcilably different,"Evaluating middle names: the first name and surname ('Wanas Al-Faqih') match identically. However, there is an irreconcilable discrepancy: introduction of a distinct middle name 'Ali'. These are two entirely separate personal given names—not a nickname, abbreviation, or typing slip. When two individuals have completely different middle names, they are distinct people who happen to share a first and last name. Recommendation: Disqualify.",disqualify,rule_based
Mohammad-Reza Ashtiani,Mohammad-Reza Ming Ashtiani,Mohammad-Reza Ashtiani,DISP_MIDDLE_NAME_CONFLICT,Middle names are irreconcilably different,"Evaluating middle names: the first name and surname ('Mohammad-Reza Ashtiani') match identically. However, there is an irreconcilable discrepancy: introduction of a distinct middle name 'Ming'. These are two entirely separate personal given names—not a nickname, abbreviation, or typing slip. When two individuals have completely different middle names, they are distinct people who happen to share a first and last name. Recommendation: Disqualify.",disqualify,rule_based
Van Nguyen Hoang,Van Hoang,Van Hoang,DISP_MIDDLE_NAME_OMITTED,Middle name absent from one record,"Reviewing the name pair: the client record contains 'Van Nguyen Hoang' with the middle name 'Nguyen', while the candidate hit shows 'Van Hoang' with the middle name omitted entirely. It is common for clients to omit middle names during onboarding due to form field constraints or personal preference, while official sanctions lists and regulatory databases include the full name. The first name and surname 'Van Hoang' are identical. The absence of a middle name is not a conflict—it is an absence of data. Recommendation: Escalate to analyst.",escalate to analyst,rule_based
Ayman Sabawi Ibrahim Hasan Al-Tikriti,Ayman Sabawi Ibrahim Hasan Al-Tikriit,Ayman Sabawi Ibrahim Hasan,DISP_MINOR_TYPO,Single character typo or keyboard slip,"Comparing the name strings: the primary identifying words 'Ayman Sabawi Ibrahim Hasan' match identically. The candidate hit has a minor clerical difference in word 'Al-Tikriti' (written as 'Al-Tikriit'), which reflects an adjacent character transposition ('ti' -> 'it'). This is a classic typographical error resulting from fast typing or clerical transcription. Because the underlying names match closely with no conflicting family or personal names, the candidate is highly likely the same individual. Recommendation: Escalate to analyst.",escalate to analyst,rule_based
Adolfo Gabriel Medina Chavira,Adolfo Gabriel Medina Gupta,Adolfo Gabriel Medina,DISP_SURNAME_CONFLICT,Surnames are entirely different names,"Comparing identity tokens: both client and candidate share the common first name 'Adolfo Gabriel Medina'. However, the surnames are completely different: client 'Chavira' vs candidate 'Gupta'. In identity screening, the family name is the primary differentiator, and these two surnames have zero relation. A match on a common given name alone without a matching surname is a coincidental false positive. Recommendation: Disqualify.",disqualify,rule_based
Maung Maung Soe,Maung Maung Mansour,Maung Maung,DISP_PHONETIC_SURNAME_DIVERGENCE,Surnames phonetically shifted but distinct,"Analyzing the match: the first name 'Maung Maung' matches across both records. However, the candidate has a different family name: surname substitution from 'Soe' to 'Mansour'. While the two surnames may sound somewhat similar or share phonetic traits, they represent distinct family heritages and legal names. A shared common first name with a diverging family name indicates two separate individuals. Recommendation: Disqualify.",disqualify,rule_based
Alireza Rahnavard,Alireza Kofi Rahnavard,Alireza Rahnavard,DISP_MIDDLE_NAME_CONFLICT,Middle names are irreconcilably different,"Evaluating middle names: the first name and surname ('Alireza Rahnavard') match identically. However, there is an irreconcilable discrepancy: introduction of a distinct middle name 'Kofi'. These are two entirely separate personal given names—not a nickname, abbreviation, or typing slip. When two individuals have completely different middle names, they are distinct people who happen to share a first and last name. Recommendation: Disqualify.",disqualify,rule_based
Oleg Ivanovich Pugachyov,Oleg Ivanovich Pugschyov,Oleg Ivanovich Pug,DISP_TRANSLITERATION_VARIANT,"Same name, different transliteration standard","I am comparing the client name 'Oleg Ivanovich Pugachyov' against the hit name 'Oleg Ivanovich Pugschyov'. First, I look at the given name 'Oleg' and the patronymic 'Ivanovich'; both are identical in both records. Moving to the surname, I see 'Pugachyov' versus 'Pugschyov'. The core of the name is the same, but the middle section 'ach' has been replaced by 'sch'. This is a classic transliteration variation often seen when converting Cyrillic characters (specifically the 'ч' sound) into Latin script, where different standards (such as ISO vs. BGN/PCGN) result in 'ch' versus 'sch'. Because the first and middle names match exactly and the surname difference is a known linguistic variation of the same name, I believe these refer to the same individual.",escalate to analyst,ollama
Houssam Hasan Hamadi,Houssam Amara Hamadi,Houssam Hamadi,DISP_MIDDLE_NAME_CONFLICT,Middle names are irreconcilably different,"I am comparing the Client Name 'Houssam Hasan Hamadi' against the Candidate Hit 'Houssam Amara Hamadi'. Breaking them down token-by-token: the first name 'Houssam' matches exactly in both records. The last name 'Hamadi' matches exactly in both records. However, the middle names are 'Hasan' for the client and 'Amara' for the hit. These are two distinct, common Arabic names with entirely different linguistic roots and meanings; one is not a typo, abbreviation, or transliteration variant of the other. Because the middle names are irreconcilably different, I am treating these as two distinct individuals who happen to share a common first and last name.",disqualify,ollama
Adalbi Lyulevich Shkhagoshev,Adalbi Lyulevich Shkhaoshev,Adalbi Lyulevich Shkhaoshev,DISP_MINOR_TYPO,Single character typo or keyboard slip,"I am comparing the client name 'Adalbi Lyulevich Shkhagoshev' against the candidate hit 'Adalbi Lyulevich Shkhaoshev'. First, I look at the given name: 'Adalbi' matches exactly. Second, I look at the patronymic: 'Lyulevich' matches exactly. Finally, I examine the surname: 'Shkhagoshev' vs 'Shkhaoshev'. Upon close inspection, the only difference is the omission of the letter 'g' in the hit name. This appears to be a simple clerical typo or a recording error where a single character was dropped. Given that the first name and patronymic are identical and the surnames are nearly identical save for one character, these are almost certainly the same individual.",escalate to analyst,ollama
Tin Myo Aung,Tin Myo Al-Hashimi,Tin Myo,DISP_SURNAME_CONFLICT,Surnames are entirely different names,"I am comparing the client 'Tin Myo Aung' against the candidate hit 'Tin Myo Al-Hashimi'. Both names share the first two tokens, 'Tin' and 'Myo'. However, looking at the final token, the client's surname is 'Aung', which is a common Burmese name. The candidate hit's surname is 'Al-Hashimi', which is a distinct Arabic lineage name. There is no phonetic or transliteration link between 'Aung' and 'Al-Hashimi'; they are entirely different surnames from different linguistic and cultural origins. Therefore, these are two distinct individuals who happen to share a common first/middle name combination.",disqualify,ollama
Aleksei Aleksandrovich Vostokov,Aleksei Aleksandrovich Singh,Aleksei Aleksandrovich,DISP_SURNAME_CONFLICT,Surnames are entirely different names,"I am comparing the client name 'Aleksei Aleksandrovich Vostokov' against the candidate hit 'Aleksei Aleksandrovich Singh'. I start by reviewing the first name; 'Aleksei' matches exactly in both records. I then review the patronymic/middle name; 'Aleksandrovich' matches exactly in both records. Finally, I evaluate the surnames. The client's surname is 'Vostokov', which is a Slavic name, whereas the candidate hit's surname is 'Singh', which is of South Asian origin. These are two entirely different surnames with no phonetic similarity, transliteration overlap, or clerical relationship. Despite the coincidence of sharing the same first and middle names, the irreconcilable difference in the surnames indicates that these are two distinct individuals.",disqualify,ollama
Siarhei Ihnatavich Novikau,Siarhei Ihnatavich Bianchi,Siarhei Ihnatavich,DISP_SURNAME_CONFLICT,Surnames are entirely different names,"I am comparing the client 'Siarhei Ihnatavich Novikau' against the hit 'Siarhei Ihnatavich Bianchi'. Breaking this down token-by-token: the first name 'Siarhei' is an exact match. The middle name/patronymic 'Ihnatavich' is also an exact match. However, when I look at the surnames, 'Novikau' and 'Bianchi' are completely different names from different linguistic and cultural origins. 'Novikau' is typically Belarusian/East Slavic, whereas 'Bianchi' is typically Italian. There are no typos or transliteration variants that could bridge the gap between these two surnames. Since the surnames are irreconcilably different, these are two distinct individuals who happen to share the same given and middle names.",disqualify,ollama
Oleg Aleksandrovich Golikov,Oleg Aleksandrovich Li,Oleg Aleksandrovich,DISP_SURNAME_CONFLICT,Surnames are entirely different names,"I am comparing the Client Name 'Oleg Aleksandrovich Golikov' against the Candidate Hit Name 'Oleg Aleksandrovich Li'. Looking at the tokens, the first name 'Oleg' and the patronymic 'Aleksandrovich' are identical in both records. However, when I move to the surname, I see 'Golikov' for the client and 'Li' for the hit. These two surnames are entirely different in length, origin, and phonetic structure. There is no evidence of a typo, transliteration variant, or abbreviation that could link 'Golikov' to 'Li'. Since the surnames are irreconcilably different, these are two distinct individuals who happen to share a common first name and patronymic.",disqualify,ollama
Hsueh Yuan Wei,Hsueh Yuan Huang,Hsueh Yuan,DISP_SURNAME_CONFLICT,Surnames are entirely different names,"I am comparing the Client Name 'Hsueh Yuan Wei' against the Candidate Hit 'Hsueh Yuan Huang'. Breaking them down token by token: the first two tokens 'Hsueh' and 'Yuan' match exactly in both records. However, I then look at the final token, which represents the surname in this naming convention. The client's surname is 'Wei', while the candidate's surname is 'Huang'. These are two distinct, common Chinese surnames with no phonetic similarity, transliteration overlap, or clerical relation. Because the surnames are irreconcilably different, these are two distinct individuals who happen to share the same given names.",disqualify,ollama
Khin Thiri Thet Mon,Khin Thiri Thet Ivanov,Khin Thiri Thet,DISP_SURNAME_CONFLICT,Surnames are entirely different names,"I am comparing the Client Name 'Khin Thiri Thet Mon' against the Candidate Hit 'Khin Thiri Thet Ivanov'. Breaking the names down token-by-token: the first three tokens 'Khin', 'Thiri', and 'Thet' are identical in both records. However, the final token—which functions as the surname or family name—is completely different. The client's name ends in 'Mon', whereas the candidate hit ends in 'Ivanov'. 'Mon' and 'Ivanov' are irreconcilably different names from different linguistic and cultural origins. Despite the overlap of the first three names, the conflict in the surname indicates these are two distinct individuals.",disqualify,ollama
Walid Talib Zughayr Al-Rawi,Walid Talib Zughayr Popov,Walid Talib Zughayr,DISP_SURNAME_CONFLICT,Surnames are entirely different names,"I am comparing the client name 'Walid Talib Zughayr Al-Rawi' against the hit name 'Walid Talib Zughayr Popov'. I start by reviewing the first three tokens: 'Walid', 'Talib', and 'Zughayr' are identical in both records. However, when I reach the surname, there is a fundamental discrepancy. The client's surname is 'Al-Rawi', whereas the hit's surname is 'Popov'. These are two entirely different family names from different linguistic and cultural origins. While the given names and middle names overlap, the conflict in the primary identifier (the surname) indicates that these are two distinct individuals who happen to share a common set of given names.",disqualify,ollama
Kyong Nam Kim,Kyong Nam Keem,Kyong Nam,DISP_PHONETIC_SURNAME_DIVERGENCE,Surnames phonetically shifted but distinct,"I am comparing the client name 'Kyong Nam Kim' against the candidate hit 'Kyong Nam Keem'. Breaking the names down token-by-token: the first name 'Kyong' and middle name 'Nam' are identical in both records. However, I am looking at the surnames 'Kim' and 'Keem'. While 'Kim' is an extremely common Korean surname, 'Keem' represents a distinct phonetic spelling that, in a strict compliance context, often refers to a different legal identity or a different family lineage. Given the instruction that these are distinct individuals despite the coincidental phonetic overlap, the surnames are treated as legally divergent rather than a simple typo or transliteration variant of the same person. Because the surnames are distinct legal entities, I am treating this as a phonetic divergence that does not constitute a match.",disqualify,ollama
Ziyad Sabsabi,Ziyad Pratap Sabsabi,Ziyad Sabsabi,DISP_MIDDLE_NAME_CONFLICT,Middle names are irreconcilably different,"I am comparing the Client Name 'Ziyad Sabsabi' against the Candidate Hit 'Ziyad Pratap Sabsabi'. First, I identify that the first name 'Ziyad' and the surname 'Sabsabi' match exactly in both records. However, the candidate hit contains a middle name, 'Pratap', which is entirely absent from the client's name. In this specific context, 'Pratap' is a distinct, culturally specific name that does not appear to be an abbreviation or a typo of any part of the client's name. Because the hit contains a full, irreconcilable middle name that is not present or accounted for in the client record, I am treating these as two distinct individuals who happen to share a common first and last name.",disqualify,ollama
Angel Daniel Balestrini Jaramillo,Angel Daniel Balestrini Russo,Angel Daniel Balestrini,DISP_SURNAME_CONFLICT,Surnames are entirely different names,"I am comparing the client name 'Angel Daniel Balestrini Jaramillo' against the candidate hit 'Angel Daniel Balestrini Russo'. Breaking the names down token-by-token: the first name 'Angel', the middle name 'Daniel', and the first surname 'Balestrini' are identical in both records. However, I must evaluate the second surname. The client has the surname 'Jaramillo', whereas the candidate hit has the surname 'Russo'. These are two entirely different family names with no phonetic or clerical similarity. In jurisdictions where double surnames are used, the second surname is a critical identifier. Because 'Jaramillo' and 'Russo' are irreconcilably different, I am confident these are two distinct individuals who happen to share a common first name and primary surname.",disqualify,ollama
Vadim Valerievich Kulik,Vadim Khalid Kulik,Vadim Kulik,DISP_MIDDLE_NAME_CONFLICT,Middle names are irreconcilably different,"I am comparing the client 'Vadim Valerievich Kulik' against the candidate hit 'Vadim Khalid Kulik'. First, I look at the given name: 'Vadim' matches exactly in both records. Next, I look at the surname: 'Kulik' matches exactly in both records. Finally, I examine the middle name/patronymic. The client has 'Valerievich', which is a traditional Russian patronymic. The candidate hit has 'Khalid', which is a distinct given name used as a middle name. These two middle names are irreconcilably different; they do not share a phonetic root, they are not transliteration variants of one another, and one is not an abbreviation of the other. Because the middle names are fundamentally different, I am confident these are two distinct individuals who happen to share a common first and last name.",disqualify,ollama
Faqir Muhammad,Faqir Mahmoud,Faqir,DISP_SURNAME_CONFLICT,Surnames are entirely different names,"I am comparing the client name 'Faqir Muhammad' against the candidate hit 'Faqir Mahmoud'. Both names share the first token 'Faqir'. However, I am looking at the second token, which serves as the surname/family name in this context. 'Muhammad' and 'Mahmoud' are two distinct, common Arabic names. While they share a similar root and starting letter, they are legally and linguistically different names referring to different identities. This is not a case of a typo or a transliteration variant, but rather two distinct individuals who happen to share a common first name. Because the surnames are irreconcilably different, this is a false positive.",disqualify,ollama
Masoud Shamani,Masoud Davis,Masoud,DISP_SURNAME_CONFLICT,Surnames are entirely different names,"I am comparing the Client Name 'Masoud Shamani' against the Candidate Hit 'Masoud Davis'. Breaking the names down token by token: the first names are an exact match ('Masoud'). However, looking at the surnames, 'Shamani' and 'Davis' are entirely different names. They do not share any phonetic similarities, they are not transliteration variants of the same name, and there is no evidence of a typo or clerical error. Since the surnames are irreconcilably different, these two records refer to two distinct individuals who happen to share a common first name.",disqualify,ollama
Diego Acosta Ovalle,Diego Acosta Balogun,Diego Acosta,DISP_SURNAME_CONFLICT,Surnames are entirely different names,"I am comparing the client 'Diego Acosta Ovalle' against the hit 'Diego Acosta Balogun'. Starting with the first name, both share 'Diego'. Moving to the second token, both share 'Acosta'. However, when I look at the final surname, the client's name is 'Ovalle' while the candidate hit is 'Balogun'. These are two entirely different surnames with no phonetic similarity, common transliteration overlap, or clerical relationship. In Spanish-naming conventions, where two surnames are often provided, the discrepancy between 'Ovalle' and 'Balogun' indicates that these are two distinct individuals who happen to share a common first and middle/first-surname combination.",disqualify,ollama
Alvaro Noe Morfin Morfin,Alvaro Noe Morfin Mrfin,Alvaro Noe Morfin,DISP_MINOR_TYPO,Single character typo or keyboard slip,"I am comparing the client name 'Alvaro Noe Morfin Morfin' against the candidate hit 'Alvaro Noe Morfin Mrfin'. Looking at the first and second tokens, 'Alvaro' and 'Noe' are identical in both records. The third token 'Morfin' is also identical. When comparing the fourth token, the client has 'Morfin' while the hit has 'Mrfin'. This is a clear clerical typo where the letter 'o' was omitted during data entry (a keyboard slip). Given that the first three names match perfectly and the final surname is only missing one vowel, this is highly likely to be the same individual.",escalate to analyst,ollama
Ruslan Eduardovich Sarkisov,Ruslan Sarkisov,Ruslan Sarkisov,DISP_MIDDLE_NAME_OMITTED,Middle name absent from one record,"I am comparing the client name 'Ruslan Eduardovich Sarkisov' against the hit name 'Ruslan Sarkisov'. Breaking this down token by token: the first name 'Ruslan' is an exact match in both records. The surname 'Sarkisov' is also an exact match in both records. The only difference is that the client record includes the patronymic 'Eduardovich', which is entirely absent from the candidate hit name. In many jurisdictions, middle names or patronymics are frequently omitted during data entry or in simplified database records. Because the first and last names match perfectly and there are no conflicting middle names present to suggest they are different people, this is a likely match.",escalate to analyst,ollama
Ilya Andreevich Buzin,Ilha Andreevich Buzin,Andreevich Buzin,DISP_MINOR_TYPO,Single character typo or keyboard slip,"I am comparing the Client Name 'Ilya Andreevich Buzin' against the Candidate Hit Name 'Ilha Andreevich Buzin'. First, I look at the surnames: 'Buzin' and 'Buzin' are an exact match. Next, I review the middle names (patronymics): 'Andreevich' and 'Andreevich' are an exact match. Finally, I examine the first names: 'Ilya' versus 'Ilha'. The difference is a single character ('y' vs 'h'). Given that the middle name and surname are identical and specific, this is clearly a minor clerical typo or a slight variation in recording the first name. The identity is consistent across the other two tokens.",escalate to analyst,ollama
Saud Al-Qahtani,Saud Rashid Al-Qahtani,Saud Al-Qahtani,DISP_MIDDLE_NAME_CONFLICT,Middle names are irreconcilably different,"I am comparing the Client Name 'Saud Al-Qahtani' against the Candidate Hit Name 'Saud Rashid Al-Qahtani'. Both names share the same given name ('Saud') and the same family name ('Al-Qahtani'). However, the Candidate Hit includes a middle name, 'Rashid', which is entirely absent from the Client's profile. In the context of Arabic naming conventions, the inclusion of a specific father's name (Rashid) creates a distinct identity. Because the Client record does not list 'Rashid' or any variation of it, and the prompt specifies this is a case of distinct individuals despite the overlap, the presence of this specific middle name acts as a conflict that differentiates the two persons.",disqualify,ollama
Abdulqader Hasan Yahya Al-Murtadha,Abdulqader Nour Yahya Al-Murtadha,Abdulqader Yahya Al-Murtadha,DISP_MIDDLE_NAME_CONFLICT,Middle names are irreconcilably different,"I am comparing the Client Name 'Abdulqader Hasan Yahya Al-Murtadha' against the Candidate Hit Name 'Abdulqader Nour Yahya Al-Murtadha'. Breaking these down token by token: the first name 'Abdulqader' matches exactly. The surname elements 'Yahya Al-Murtadha' also match exactly. However, I observe a critical discrepancy in the middle name position. The client has the middle name 'Hasan', whereas the candidate hit has the middle name 'Nour'. 'Hasan' and 'Nour' are two distinct, common Arabic names with no phonetic or transliteration relationship to one another. In the context of naming conventions in this region, a difference in the father's or grandfather's name (the middle tokens) indicates that these are two different individuals from the same extended family or tribe. Because the middle names are irreconcilably different, this is a false positive.",disqualify,ollama
Vali Arlanizadeh,Vali X. Arlanizadeh,Vali Arlanizadeh,DISP_MIDDLE_NAME_OMITTED,Middle name absent from one record,"I am comparing the Client Name 'Vali Arlanizadeh' against the Candidate Hit Name 'Vali X. Arlanizadeh'. First, I look at the given name: 'Vali' matches exactly in both records. Next, I look at the surname: 'Arlanizadeh' matches exactly in both records. I then notice that the Candidate Hit contains a middle initial 'X.' which is completely absent from the Client Name. In compliance screening, it is very common for a client to be onboarded without their middle name or initial, while a sanctions list or external database may include it. Since the first and last names are an exact match and the only difference is the presence of a middle initial in one record, this is a likely match.",escalate to analyst,ollama
Karim El-Baz,Karim Mueller,Karim,DISP_SURNAME_CONFLICT,Surnames are entirely different names,"I am comparing the client 'Karim El-Baz' against the candidate hit 'Karim Mueller'. Looking at the first names, both share the token 'Karim', which is a common given name. However, when I evaluate the surnames, 'El-Baz' and 'Mueller' are completely different in origin, spelling, and phonetics. There is no evidence of a typo, transliteration variant, or name restructuring here. These are two distinct surnames indicating two different individuals who happen to share the same first name. Because the surnames are irreconcilably different, this is a clear false positive.",disqualify,ollama
Caryslia Beatriz Rodriguez Rodriguez,Caryslia Beatriz Rodriguez Rodrigues,Caryslia Beatriz Rodriguez,DISP_PHONETIC_SURNAME_DIVERGENCE,Surnames phonetically shifted but distinct,"I am comparing the Client Name 'Caryslia Beatriz Rodriguez Rodriguez' against the Candidate Hit 'Caryslia Beatriz Rodriguez Rodrigues'. The first name 'Caryslia' and middle name 'Beatriz' match exactly. The first surname 'Rodriguez' also matches exactly. However, I am looking at the second surname. The client has 'Rodriguez' (ending in 'z'), whereas the candidate hit has 'Rodrigues' (ending in 's'). While these names are phonetically similar and often confused, in a legal and compliance context, 'Rodriguez' and 'Rodrigues' are distinct surnames with different linguistic origins (Spanish vs. Portuguese). Given the prompt specifies this is a case of distinct individuals, the difference in the terminal consonant of the second surname is a legally significant divergence rather than a clerical typo.",disqualify,ollama
Hossein Hafez Amini,Amini Hossein Hafez,Hossein Hafez Amini,DISP_TOKEN_ORDER_SWAP,Name tokens in different sequence,"I am comparing the Client Name 'Hossein Hafez Amini' against the Candidate Hit 'Amini Hossein Hafez'. I identify three distinct tokens in both records: 'Hossein', 'Hafez', and 'Amini'. The tokens are identical in spelling and content across both strings. The only difference is the sequence in which they appear: the client record follows a [Given Name] [Middle Name] [Surname] format, whereas the hit record follows a [Surname] [Given Name] [Middle Name] format. This is a common occurrence in global databases where naming conventions vary by jurisdiction. Since all name elements are present and identical, this is a clear token order swap.",escalate to analyst,ollama
Muaadh Ahmed Mohammed Al-Haifi,Muaadh Ahmed Mohammed Li,Muaadh Ahmed Mohammed,DISP_SURNAME_CONFLICT,Surnames are entirely different names,"I am comparing the client name 'Muaadh Ahmed Mohammed Al-Haifi' against the candidate hit 'Muaadh Ahmed Mohammed Li'. I started by reviewing the given names and middle names; the first three tokens 'Muaadh', 'Ahmed', and 'Mohammed' match exactly in both records. However, when I look at the final token—which represents the family name or surname—there is a complete conflict. The client's surname is 'Al-Haifi', while the hit's surname is 'Li'. These are two entirely different surnames from different linguistic and cultural origins. Despite the coincidental overlap of the common first and middle names, the irreconcilable difference in the surnames indicates that these are two distinct individuals.",disqualify,ollama
Miguel Antonio Jose Ponente Parra,Miguel Antonio Jose Ponente Verma,Miguel Antonio Jose Ponente,DISP_SURNAME_CONFLICT,Surnames are entirely different names,"I am comparing the Client Name 'Miguel Antonio Jose Ponente Parra' against the Candidate Hit Name 'Miguel Antonio Jose Ponente Verma'. Breaking these down token-by-token: the first four names ('Miguel', 'Antonio', 'Jose', and 'Ponente') are identical in both records. However, when I reach the final surname, the client has 'Parra' while the hit has 'Verma'. These are two entirely different surnames with no phonetic similarity, no common transliteration roots, and no evidence of a typo. In Hispanic naming conventions, the second surname typically represents the maternal line; since these maternal surnames are completely different, I am looking at two distinct individuals who happen to share a common set of given names and a primary surname. The conflict in the final surname is irreconcilable.",disqualify,ollama
Muhammad Said Kazim Al-Sahhaf,Muhammad Tendai Kazim Al-Sahhaf,Muhammad Kazim Al-Sahhaf,DISP_MIDDLE_NAME_CONFLICT,Middle names are irreconcilably different,"I am comparing the Client Name 'Muhammad Said Kazim Al-Sahhaf' against the Candidate Hit 'Muhammad Tendai Kazim Al-Sahhaf'. Breaking the names down token-by-token: the first name 'Muhammad' matches exactly; the second name in the client record is 'Said', whereas the second name in the hit record is 'Tendai'; the third name 'Kazim' matches exactly; and the surname 'Al-Sahhaf' matches exactly. While there is significant overlap in the first, third, and fourth tokens, 'Said' and 'Tendai' are entirely different names with different linguistic origins and phonetic structures. They are not typos, transliterations, or abbreviations of one another. Because the middle name tokens are irreconcilably different, these represent two distinct individuals who happen to share a common first name and family name.",disqualify,ollama
Abd Al Hamid Sulaiman Muhammed Al-Mujil,Abd Khalid Hamid Sulaiman Muhammed Al-Mujil,Abd Hamid Sulaiman Muhammed Al-Mujil,DISP_MIDDLE_NAME_CONFLICT,Middle names are irreconcilably different,"I am comparing the Client Name 'Abd Al Hamid Sulaiman Muhammed Al-Mujil' against the Candidate Hit 'Abd Khalid Hamid Sulaiman Muhammed Al-Mujil'. Breaking them down token by token: both share the prefix 'Abd', the sequence 'Hamid Sulaiman Muhammed', and the family name 'Al-Mujil'. However, the Candidate Hit contains the name 'Khalid' immediately following 'Abd', whereas the Client Name contains 'Al'. In Arabic naming conventions, 'Abd' (servant of) is typically followed by one of the names of God or a specific given name. 'Abd Al Hamid' (Servant of the Praiseworthy) is a single cohesive name, whereas 'Abd Khalid' refers to a different individual entirely. The insertion of 'Khalid' creates a fundamental conflict in the given name structure that cannot be explained by a typo or transliteration. Because these are two distinct given names, they represent two different individuals despite the shared ancestral/family name sequence.",disqualify,ollama
Cagri Duransoy,Cagri Duransoey,Cagri Durans,DISP_PHONETIC_SURNAME_DIVERGENCE,Surnames phonetically shifted but distinct,"I am comparing the client name 'Cagri Duransoy' against the candidate hit 'Cagri Duransoey'. First, the given names 'Cagri' are an exact match. Moving to the surnames, I see 'Duransoy' vs 'Duransoey'. While they appear visually similar, the addition of the 'e' in the hit name changes the phonetic structure and legal spelling of the surname. In the context of this specific review, these are treated as phonetically divergent but legally distinct surnames belonging to two different individuals rather than a simple clerical typo. Because the surnames are not identical and represent distinct legal identities, I am disqualifying this alert.",disqualify,ollama
Yulia Mayorova,Yulia James Mayorova,Yulia Mayorova,DISP_MIDDLE_NAME_CONFLICT,Middle names are irreconcilably different,"I am comparing the client 'Yulia Mayorova' against the candidate hit 'Yulia James Mayorova'. Both records share the first name 'Yulia' and the surname 'Mayorova'. However, the candidate hit contains a middle name, 'James'. In the context of the name 'Yulia Mayorova', which is typically of Slavic origin, the introduction of 'James' as a middle name is irreconcilable. 'James' is a distinct English given name and does not function as a patronymic or a common variant of a middle name associated with the client's name structure. This indicates that the candidate hit is a different individual who happens to share the same first and last name, but possesses a conflicting middle name that distinguishes them from the client.",disqualify,ollama
Aleksey Lvovich Rakhmanov,Aleksey Lvovich Zhang,Aleksey Lvovich,DISP_SURNAME_CONFLICT,Surnames are entirely different names,"I am comparing the client 'Aleksey Lvovich Rakhmanov' against the candidate hit 'Aleksey Lvovich Zhang'. Breaking this down token-by-token: the first name 'Aleksey' is an exact match. The patronymic/middle name 'Lvovich' is also an exact match. However, when I look at the surnames, 'Rakhmanov' and 'Zhang' are entirely different names from different linguistic and cultural origins. There is no evidence of a typo, transliteration variant, or phonetic similarity between these two surnames. Because the surnames are irreconcilably different, these represent two distinct individuals who happen to share the same given name and patronymic.",disqualify,ollama
Muhammad Ehsan,Muhammad Verma,Muhammad,DISP_SURNAME_CONFLICT,Surnames are entirely different names,"I am comparing the client name 'Muhammad Ehsan' against the candidate hit 'Muhammad Verma'. Breaking this down token-by-token: the first names are an exact match ('Muhammad'). However, when I look at the surnames, 'Ehsan' and 'Verma' are entirely different names with no phonetic, transliteration, or clerical similarities. They represent two distinct family names from different linguistic backgrounds. Because the surnames are irreconcilably different, these are two distinct individuals who happen to share a common first name.",disqualify,ollama
Muhammad Mahoud Ahmad Awad Hanoun,Muhammad Hussein Ahmad Awad Hanoun,Muhammad Ahmad Awad Hanoun,DISP_MIDDLE_NAME_CONFLICT,Middle names are irreconcilably different,"I am comparing the Client Name 'Muhammad Mahoud Ahmad Awad Hanoun' against the Candidate Hit Name 'Muhammad Hussein Ahmad Awad Hanoun'. Breaking these down token-by-token: both names share the first name 'Muhammad' and the trailing sequence 'Ahmad Awad Hanoun'. However, there is a critical conflict in the second token. The client's name contains 'Mahoud', whereas the candidate hit contains 'Hussein'. These are two distinct, common Arabic names with completely different roots and meanings; 'Mahoud' is not a typo, abbreviation, or transliteration variant of 'Hussein'. Given that the names are identical in every other respect but differ by a specific middle name, this indicates we are dealing with two different individuals (likely members of the same extended family sharing a common patrilineal chain) rather than a clerical error or naming variation. Therefore, this is a false positive.",disqualify,ollama
Martin Elia Lomuro,Lomuro Martin Elia,Martin Elia Lomuro,DISP_TOKEN_ORDER_SWAP,Name tokens in different sequence,"I am comparing the Client Name 'Martin Elia Lomuro' against the Candidate Hit 'Lomuro Martin Elia'. Looking at the tokens, both records contain the exact same three name elements: 'Martin', 'Elia', and 'Lomuro'. The only difference is the sequence in which they are presented. The client record follows a Given Name-Middle Name-Surname format, while the hit record follows a Surname-Given Name-Middle Name format. Since all name components are identical and only the order has shifted, this is a clear case of a token order swap, which is common across different database standards. This is a True Positive.",escalate to analyst,ollama
Je-Son Ri,Je-Son Nakamura,Je-Son,DISP_SURNAME_CONFLICT,Surnames are entirely different names,"I am comparing the Client Name 'Je-Son Ri' against the Candidate Hit 'Je-Son Nakamura'. Breaking this down token-by-token: the first name 'Je-Son' is an exact match in both records. However, when I look at the surnames, the client has the surname 'Ri' while the candidate hit has the surname 'Nakamura'. These are two entirely different family names with no phonetic similarity or plausible transliteration link. Since the surnames are irreconcilably different, these represent two distinct individuals who happen to share a first name.",disqualify,ollama
Mikhail Anatolyevich Sinelin,Mikhail Anatolyevich Kamau,Mikhail Anatolyevich,DISP_SURNAME_CONFLICT,Surnames are entirely different names,"I am comparing the Client Name 'Mikhail Anatolyevich Sinelin' against the Candidate Hit Name 'Mikhail Anatolyevich Kamau'. Breaking these down token-by-token: the first name 'Mikhail' matches exactly. The patronymic/middle name 'Anatolyevich' also matches exactly. However, when I look at the surnames, 'Sinelin' and 'Kamau' are entirely different names with no phonetic similarity, common transliteration variants, or clerical typos between them. Since the surnames are irreconcilably different, these represent two distinct individuals who happen to share a common first name and patronymic. This is a clear false positive.",disqualify,ollama
Yosef Ayad,Yosef Prakash Ayad,Yosef Ayad,DISP_MIDDLE_NAME_CONFLICT,Middle names are irreconcilably different,"I am comparing the Client Name 'Yosef Ayad' against the Candidate Hit Name 'Yosef Prakash Ayad'. Both names share the first name 'Yosef' and the surname 'Ayad'. However, the candidate hit contains a middle name, 'Prakash', which is entirely absent from the client's profile. In a compliance context, 'Prakash' is a distinct, culturally specific name that does not appear to be an abbreviation or a typo of any part of the client's name. The presence of a specific, irreconcilable middle name suggests these are two different individuals who happen to share a common first and last name. Because the middle name introduces a clear conflict in identity rather than a clerical variation, I am treating this as a distinct person.",disqualify,ollama
Ali Hemmatian,Ali Rossi,Ali,DISP_SURNAME_CONFLICT,Surnames are entirely different names,"I am comparing the Client Name 'Ali Hemmatian' against the Candidate Hit 'Ali Rossi'. Breaking this down token by token: the first names are an exact match ('Ali'). However, when I look at the surnames, 'Hemmatian' and 'Rossi' are entirely different names with no phonetic, transliteration, or clerical relationship. 'Hemmatian' is of Persian origin, whereas 'Rossi' is a common Italian surname. Because the surnames are irreconcilably different, these represent two distinct individuals who happen to share a common first name.",disqualify,ollama
Jihad Muhammad Qansu,Jihad Muhammad Zhang,Jihad Muhammad,DISP_SURNAME_CONFLICT,Surnames are entirely different names,"I am comparing the client 'Jihad Muhammad Qansu' against the candidate hit 'Jihad Muhammad Zhang'. Looking at the tokens, the first name 'Jihad' and the middle name 'Muhammad' are identical in both records. However, when I evaluate the surnames, I see 'Qansu' versus 'Zhang'. These are two entirely different surnames from different linguistic and cultural origins. There is no evidence of a typo, transliteration variant, or phonetic similarity between 'Qansu' and 'Zhang'. Because the surnames are irreconcilably different, these represent two distinct individuals who happen to share common given names.",disqualify,ollama
Alexander Borisovich Kogan,Alexander Borisovich Gonzalez,Alexander Borisovich,DISP_SURNAME_CONFLICT,Surnames are entirely different names,"I am comparing the Client Name 'Alexander Borisovich Kogan' against the Candidate Hit 'Alexander Borisovich Gonzalez'. Looking at the tokens: the first name 'Alexander' is an exact match. The middle name/patronymic 'Borisovich' is also an exact match. However, when I evaluate the surnames, 'Kogan' and 'Gonzalez' are entirely different names with no phonetic, linguistic, or clerical relationship. While the first and middle names overlap, the surnames are irreconcilably different, indicating that these are two distinct individuals who happen to share a common first name and patronymic. Therefore, this is a false positive.",disqualify,ollama
Leila N.s. Al-Dajani,Leila N.s. Kumar,Leila N.s.,DISP_SURNAME_CONFLICT,Surnames are entirely different names,"I am comparing the client 'Leila N.s. Al-Dajani' against the candidate hit 'Leila N.s. Kumar'. Breaking this down token-by-token: the first name 'Leila' matches exactly. The middle initials 'N.s.' also match exactly. However, when I look at the surnames, 'Al-Dajani' and 'Kumar' are entirely different. 'Al-Dajani' is an Arabic surname, whereas 'Kumar' is a common Indian surname. There is no evidence of a typo, transliteration variant, or phonetic similarity between these two family names. Because the surnames are irreconcilably different, these are clearly two distinct individuals who happen to share the same given name and initials.",disqualify,ollama
Alexei Konstantinovich Pushkov,Alexei Konstantinovich Kim,Alexei Konstantinovich,DISP_SURNAME_CONFLICT,Surnames are entirely different names,"I am comparing the Client Name 'Alexei Konstantinovich Pushkov' against the Candidate Hit 'Alexei Konstantinovich Kim'. I will break this down token by token. First, the given names match exactly: 'Alexei' matches 'Alexei'. Second, the patronymics match exactly: 'Konstantinovich' matches 'Konstantinovich'. However, when I reach the surnames, I see 'Pushkov' versus 'Kim'. These are two entirely different surnames with no phonetic similarity, no common transliteration roots, and no evidence of a typo. While the first and middle names are identical, the surname conflict is irreconcilable, indicating these are two distinct individuals who happen to share a common first name and patronymic.",disqualify,ollama
Luis Enrique Barragan Chavez,Luis Enrique Barragan Martinez,Luis Enrique Barragan,DISP_SURNAME_CONFLICT,Surnames are entirely different names,"I am comparing the Client Name 'Luis Enrique Barragan Chavez' against the Candidate Hit Name 'Luis Enrique Barragan Martinez'. I will evaluate this token by token. The first name 'Luis' matches exactly. The middle name 'Enrique' matches exactly. The first surname 'Barragan' matches exactly. However, when I reach the second surname, the client has 'Chavez' while the candidate hit has 'Martinez'. In Hispanic naming conventions, these second surnames typically represent the maternal lineage. 'Chavez' and 'Martinez' are entirely different, common surnames with no phonetic or clerical relationship to one another. Because the second surnames are irreconcilably different, I am concluding that these are two distinct individuals who happen to share the same first name, middle name, and paternal surname.",disqualify,ollama
Mileri Lagazauri,Mileri Kuznetsov,Mileri,DISP_SURNAME_CONFLICT,Surnames are entirely different names,"I am comparing the Client Name 'Mileri Lagazauri' against the Candidate Hit Name 'Mileri Kuznetsov'. Breaking these down token-by-token: the first names are an exact match ('Mileri'). However, I then look at the surnames. The client's surname is 'Lagazauri', while the hit's surname is 'Kuznetsov'. These two surnames are entirely different in origin, structure, and phonetic sound. There is no evidence of a typo, transliteration variant, or phonetic shift that would link 'Lagazauri' to 'Kuznetsov'. Because the surnames are irreconcilably different, these represent two distinct individuals who happen to share a first name.",disqualify,ollama
Hamdan Ali Al Lakis,Hamdan Hassan Al Lakis,Hamdan Al Lakis,DISP_MIDDLE_NAME_CONFLICT,Middle names are irreconcilably different,"I am comparing the client 'Hamdan Ali Al Lakis' against the candidate hit 'Hamdan Hassan Al Lakis'. Breaking them down token-by-token: the first name 'Hamdan' matches exactly. The surname/family name 'Al Lakis' matches exactly. However, the middle names are entirely different: the client has 'Ali' while the candidate hit has 'Hassan'. In the context of Arabic naming conventions, the middle name typically represents the father's name. 'Ali' and 'Hassan' are two distinct, common names and are not transliteration variants or abbreviations of one another. Because the middle names are irreconcilably different, this indicates the records refer to two different individuals who happen to share the same given name and family name.",disqualify,ollama
Laurent Nkunda,Laurent Prakash Nkunda,Laurent Nkunda,DISP_MIDDLE_NAME_CONFLICT,Middle names are irreconcilably different,"I am comparing the Client Name 'Laurent Nkunda' against the Candidate Hit 'Laurent Prakash Nkunda'. Both names share the same first name 'Laurent' and the same surname 'Nkunda'. However, the candidate hit contains a middle name, 'Prakash', which is entirely absent from the client's record. In this specific screening context, the presence of a distinct middle name like 'Prakash'—which has a different linguistic and cultural origin than the surrounding names—indicates that these are two different individuals who happen to share a common first and last name. Because the middle name is a substantive identifier and not a mere abbreviation or typo, it creates a conflict that distinguishes the two parties.",disqualify,ollama
Igor Olegovich Kostyukov,Kostyukov Igor Olegovich,Igor Olegovich Kostyukov,DISP_TOKEN_ORDER_SWAP,Name tokens in different sequence,"I am comparing the Client Name 'Igor Olegovich Kostyukov' against the Candidate Hit Name 'Kostyukov Igor Olegovich'. Looking at the tokens individually, I see that both names contain the exact same three components: the given name 'Igor', the patronymic 'Olegovich', and the surname 'Kostyukov'. The only difference is the sequence in which they are presented. The client record follows the Given-Patronymic-Surname format, while the hit record follows the Surname-Given-Patronymic format, which is common in many Eastern European databases. Since all name elements are identical and only the order is different, this is a clear match.",escalate to analyst,ollama
Aleksey Yurevich Russkikh,Aleksey Yurevich Singh,Aleksey Yurevich,DISP_SURNAME_CONFLICT,Surnames are entirely different names,"I am comparing the Client Name 'Aleksey Yurevich Russkikh' against the Candidate Hit Name 'Aleksey Yurevich Singh'. Breaking the names down token-by-token: the first name 'Aleksey' is an exact match, and the patronymic/middle name 'Yurevich' is also an exact match. However, I now look at the surnames. The client's surname is 'Russkikh', which is a Slavic name. The candidate hit's surname is 'Singh', which is a common Indian/Sikh name. These two surnames are entirely different in origin, spelling, and phonetics. There is no evidence of a typo, transliteration variant, or phonetic shift that could link 'Russkikh' to 'Singh'. Despite the coincidental match of the first and middle names, the irreconcilable difference in surnames indicates these are two distinct individuals.",disqualify,ollama
Rocco Albisinni Serrano,Rocco Albisinni Schneider,Rocco Albisinni,DISP_SURNAME_CONFLICT,Surnames are entirely different names,"I am comparing the Client Name 'Rocco Albisinni Serrano' against the Candidate Hit Name 'Rocco Albisinni Schneider'. Breaking the names down token-by-token: the first name 'Rocco' matches exactly, and the second name 'Albisinni' matches exactly. However, I then look at the final name token. The client has the surname 'Serrano', whereas the candidate hit has the surname 'Schneider'. These are two entirely different surnames with no phonetic similarity, no common transliteration roots, and no evidence of a typo. Because the surnames are irreconcilably different, I am confident these are two distinct individuals who happen to share a first and middle name.",disqualify,ollama
Konstantin Ivanovich Denisov,Konstantin Ivanovich Garcia,Konstantin Ivanovich,DISP_SURNAME_CONFLICT,Surnames are entirely different names,"I am comparing the Client Name 'Konstantin Ivanovich Denisov' against the Candidate Hit Name 'Konstantin Ivanovich Garcia'. Breaking this down token-by-token: The first names ('Konstantin') and the patronymics/middle names ('Ivanovich') are an exact match. However, I then look at the surnames. The client's surname is 'Denisov', while the hit's surname is 'Garcia'. These are two entirely different surnames from different linguistic and cultural origins. There is no evidence of a typo, transliteration variant, or phonetic similarity between 'Denisov' and 'Garcia'. Because the surnames are irreconcilably different, these are clearly two distinct individuals who happen to share a common first name and patronymic.",disqualify,ollama
Victor Andres Favela Lopez,Victor Andres Favela Patel,Victor Andres Favela,DISP_SURNAME_CONFLICT,Surnames are entirely different names,"I am comparing the client 'Victor Andres Favela Lopez' against the candidate hit 'Victor Andres Favela Patel'. Breaking the names down token by token: the first name 'Victor', the middle name 'Andres', and the first surname 'Favela' are identical in both records. However, when I reach the final surname, the client is 'Lopez' while the candidate hit is 'Patel'. These are two entirely different surnames with no phonetic similarity or common transliteration variants. In Hispanic naming conventions, where two surnames are often provided, the second surname is a critical identifier. The difference between 'Lopez' and 'Patel' indicates that these are two distinct individuals who happen to share the same first and middle names. Therefore, this is a false positive.",disqualify,ollama
Antonio Zagaria,Antonio Jones,Antonio,DISP_SURNAME_CONFLICT,Surnames are entirely different names,"I am comparing the Client Name 'Antonio Zagaria' against the Candidate Hit Name 'Antonio Jones'. First, I look at the given names: both records share the first name 'Antonio', which is a common given name. Next, I evaluate the surnames. The client's surname is 'Zagaria', while the candidate hit's surname is 'Jones'. These are two entirely different surnames with no phonetic similarity, no common transliteration roots, and no evidence of a clerical typo. Because the surnames are irreconcilably different, these two records refer to two distinct individuals who happen to share a common first name.",disqualify,ollama
Socorro Elizabeth Hernandez De Hernandez,Hernandez Socorro Elizabeth Hernandez De,Socorro Elizabeth Hernandez De Hernandez,DISP_TOKEN_ORDER_SWAP,Name tokens in different sequence,"I am comparing the Client Name 'Socorro Elizabeth Hernandez De Hernandez' against the Candidate Hit Name 'Hernandez Socorro Elizabeth Hernandez De'. I can see that every single word present in the client name is also present in the hit name. The client name follows a Given Name -> Middle Name -> Surname structure. The hit name appears to have moved the primary surname 'Hernandez' to the front of the string, which is a common occurrence in database exports or jurisdictions where the family name is listed first. Specifically, 'Socorro', 'Elizabeth', 'Hernandez', 'De', and 'Hernandez' are all present in both strings, just arranged in a different sequence. Because all tokens match exactly and only the order differs, this is a clear case of a token order swap.",escalate to analyst,ollama
Adolfo Gabriel Medina Chavira,Adolfo Gabriel Medina Al-Fassi,Adolfo Gabriel Medina,DISP_SURNAME_CONFLICT,Surnames are entirely different names,"I am comparing the client 'Adolfo Gabriel Medina Chavira' against the hit 'Adolfo Gabriel Medina Al-Fassi'. I see that the first name 'Adolfo', the middle name 'Gabriel', and the first surname 'Medina' match exactly across both records. However, when I look at the final surname, the client has 'Chavira' while the candidate hit has 'Al-Fassi'. These are two completely different family names with no phonetic or transliteration relationship. In many Spanish-speaking naming conventions, the first surname is paternal and the second is maternal; the fact that the second surnames are entirely different indicates these are two distinct individuals who happen to share common given names and a common first surname. Because the surnames are irreconcilably different, this is a false positive.",disqualify,ollama
Natalya Browning,Natalya H. Browning,Natalya Browning,DISP_MIDDLE_NAME_OMITTED,Middle name absent from one record,"I am comparing the Client Name 'Natalya Browning' against the Candidate Hit Name 'Natalya H. Browning'. First, I look at the given names: both records share 'Natalya', which is an exact match. Next, I look at the surnames: both records share 'Browning', which is also an exact match. The only difference is the presence of a middle initial 'H.' in the Candidate Hit Name, which is entirely absent from the Client Name. In AML screening, it is common for clients to omit their middle name or initial during onboarding, while official sanctions or PEP lists may include them. Since the first and last names are identical and there are no conflicting middle names present to suggest these are different individuals, I view this as the same person.",escalate to analyst,ollama
Abdullah Mujahid,Abdullah Alexander Mujahid,Abdullah Mujahid,DISP_MIDDLE_NAME_CONFLICT,Middle names are irreconcilably different,"I am comparing the Client Name 'Abdullah Mujahid' against the Candidate Hit 'Abdullah Alexander Mujahid'. Both names share the first name 'Abdullah' and the surname 'Mujahid'. However, the candidate hit contains a middle name, 'Alexander', which is entirely absent from the client's name. While a missing middle name can sometimes be a simple omission, 'Alexander' is a distinct, culturally specific name that creates a significant discrepancy between the two identities. Given the context that these are distinct individuals, the presence of a specific, irreconcilable middle name in the hit record indicates that the client is not the same person as the sanctioned individual.",disqualify,ollama
Miroslav Tadic,Miroslav Nour Tadic,Miroslav Tadic,DISP_MIDDLE_NAME_CONFLICT,Middle names are irreconcilably different,"I am comparing the Client Name 'Miroslav Tadic' against the Candidate Hit 'Miroslav Nour Tadic'. Both names share the same given name 'Miroslav' and the same surname 'Tadic'. However, the candidate hit contains a middle name, 'Nour', which is entirely absent from the client's record. In the context of this specific review, 'Nour' is an irreconcilably different middle name that indicates the candidate hit is a distinct individual rather than a simple omission or abbreviation. The presence of a specific, distinct middle name in the hit record creates a conflict with the client's identity profile.",disqualify,ollama
Konstantin Viktorovich Kilimnik,Konstantin Viktorovich Tanaka,Konstantin Viktorovich,DISP_SURNAME_CONFLICT,Surnames are entirely different names,"I am comparing the client 'Konstantin Viktorovich Kilimnik' against the candidate hit 'Konstantin Viktorovich Tanaka'. Breaking the names down token-by-token: the first name 'Konstantin' is an exact match. The middle name/patronymic 'Viktorovich' is also an exact match. However, when I look at the surnames, 'Kilimnik' and 'Tanaka' are entirely different. They share no phonetic similarities, have different linguistic origins, and are not variations of the same name. Despite the coincidence of the first and middle names, the surnames are irreconcilably different, indicating these are two distinct individuals.",disqualify,ollama
Byong Chol Min,Byong Chol Okafor,Byong Chol,DISP_SURNAME_CONFLICT,Surnames are entirely different names,"I am comparing the Client Name 'Byong Chol Min' against the Candidate Hit Name 'Byong Chol Okafor'. Breaking the names down token-by-token: the first two tokens 'Byong' and 'Chol' are identical in both records. However, I then look at the surnames. The client's surname is 'Min', while the candidate hit's surname is 'Okafor'. These are two entirely different surnames from different linguistic and cultural origins. There is no evidence of a typo, transliteration variant, or phonetic similarity between 'Min' and 'Okafor'. Because the surnames are irreconcilably different, these represent two distinct individuals despite sharing the same given names.",disqualify,ollama
Haji Khairullah Barakzai,Haji Khairullah Bafakzai,Haji Khairullah,DISP_MINOR_TYPO,Single character typo or keyboard slip,"I am comparing the Client Name 'Haji Khairullah Barakzai' against the Candidate Hit 'Haji Khairullah Bafakzai'. First, I look at the first and middle names: 'Haji' and 'Khairullah' are identical in both records. Next, I examine the surnames: 'Barakzai' versus 'Bafakzai'. Comparing these two tokens, I see that they are identical except for a single character difference where 'r' is replaced by 'f'. Given the keyboard proximity and the phonetic similarity in the context of regional surnames, this appears to be a simple clerical typo or a recording error. Because the first and middle names match perfectly and the surname differs by only one letter, I believe this is the same individual.",escalate to analyst,ollama
Batu Sergeyevich Khasikov,Batu Khasikov,Batu Khasikov,DISP_MIDDLE_NAME_OMITTED,Middle name absent from one record,"I am comparing the Client Name 'Batu Sergeyevich Khasikov' against the Candidate Hit 'Batu Khasikov'. Looking at the tokens, the first name 'Batu' is an exact match in both records. The surname 'Khasikov' is also an exact match in both records. The only difference is that the client record contains the patronymic 'Sergeyevich', which is completely absent from the candidate hit record. In AML screening, it is very common for middle names or patronymics to be omitted depending on the data source or the jurisdiction of the record. Since the first and last names match perfectly and there are no conflicting middle names present to suggest these are different individuals, I am treating this as the same person.",escalate to analyst,ollama
Azat Ferdinandovich Yagafarov,Azat Ferdinandovich Miller,Azat Ferdinandovich,DISP_SURNAME_CONFLICT,Surnames are entirely different names,"I am comparing the client name 'Azat Ferdinandovich Yagafarov' against the candidate hit 'Azat Ferdinandovich Miller'. Breaking the names down token-by-token: the first name 'Azat' is an exact match. The middle name/patronymic 'Ferdinandovich' is also an exact match. However, when I look at the surnames, 'Yagafarov' and 'Miller' are entirely different names with no phonetic, transliterative, or clerical relationship. While the first and middle names are identical, the surname conflict is irreconcilable, indicating that these are two distinct individuals who happen to share a first and middle name.",disqualify,ollama
Mas'ud Nikbakht,Mas'ud Karim Nikbakht,Mas'ud Nikbakht,DISP_MIDDLE_NAME_CONFLICT,Middle names are irreconcilably different,"I am comparing the client 'Mas'ud Nikbakht' against the candidate hit 'Mas'ud Karim Nikbakht'. Both share the exact same first name ('Mas'ud') and surname ('Nikbakht'). However, the candidate hit includes a middle name, 'Karim', which is entirely absent from the client's name. In this specific screening context, the presence of a distinct middle name 'Karim' serves as a differentiator, indicating that these are two different individuals who happen to share a common first and last name. Because the middle name represents a conflict in identity rather than a simple omission or abbreviation, I am treating this as a distinct person.",disqualify,ollama
Heydar Moslehi,Heydar Haddad,Heydar,DISP_SURNAME_CONFLICT,Surnames are entirely different names,"I am comparing the client name 'Heydar Moslehi' against the hit name 'Heydar Haddad'. I first look at the given names; both share the first name 'Heydar', which is a common match. However, I then evaluate the surnames. The client's surname is 'Moslehi' and the candidate's surname is 'Haddad'. These are two entirely different family names with no phonetic similarity, no common root, and no evidence of a typo or transliteration variance. Because the surnames are irreconcilably different, these represent two distinct individuals who happen to share a common first name.",disqualify,ollama
Muhammad Ibrahim Habib Al-Sayyid,Muhammad I. Habib Al-Sayyid,Muhammad Habib Al-Sayyid,DISP_MIDDLE_NAME_ABBREVIATED,Middle name shortened to initial,"I am comparing the Client Name 'Muhammad Ibrahim Habib Al-Sayyid' against the Candidate Hit 'Muhammad I. Habib Al-Sayyid'. First, I look at the first name: 'Muhammad' matches exactly in both. Next, I examine the second token: the client has the full name 'Ibrahim', whereas the hit has the initial 'I.'. This is a common recording practice where a middle name is abbreviated to an initial. Moving to the subsequent tokens, 'Habib' matches exactly, and the compound surname 'Al-Sayyid' matches exactly across both records. Since the only difference is the abbreviation of 'Ibrahim' to 'I.', and all other name components are identical, this is a high-probability match.",escalate to analyst,ollama
Vladimir Abdualievich Vasiliev,Vladimir Nour Vasiliev,Vladimir Vasiliev,DISP_MIDDLE_NAME_CONFLICT,Middle names are irreconcilably different,"I am comparing the Client Name 'Vladimir Abdualievich Vasiliev' against the Candidate Hit 'Vladimir Nour Vasiliev'. Both names share the same first name ('Vladimir') and the same surname ('Vasiliev'). However, I am looking closely at the middle names. The client has the patronymic 'Abdualievich', which is a traditional Russian-style middle name. The candidate hit has the middle name 'Nour'. These two middle names are irreconcilably different; 'Nour' is not an abbreviation, typo, or transliteration variant of 'Abdualievich'. Because the middle names are distinct and do not follow any known pattern of clerical error or naming convention overlap, I conclude these are two different individuals who happen to share a common first and last name.",disqualify,ollama
Igor Yuryevich Chayka,Igor Thomas Chayka,Igor Chayka,DISP_MIDDLE_NAME_CONFLICT,Middle names are irreconcilably different,"I am comparing the Client Name 'Igor Yuryevich Chayka' against the Candidate Hit 'Igor Thomas Chayka'. Both names share the same first name ('Igor') and the same surname ('Chayka'). However, I am looking closely at the middle names. The client has the middle name 'Yuryevich', which is a Slavic patronymic. The candidate hit has the middle name 'Thomas', which is a distinct Western given name. These two middle names are irreconcilably different and do not represent a typo, abbreviation, or transliteration variant of one another. Because the middle names are fundamentally different, I am treating these as two distinct individuals who happen to share a first and last name.",disqualify,ollama
Wan Kuok Koi,Wan Robert Koi,Wan Koi,DISP_MIDDLE_NAME_CONFLICT,Middle names are irreconcilably different,"I am comparing the Client Name 'Wan Kuok Koi' against the Candidate Hit Name 'Wan Robert Koi'. Breaking the names down token-by-token: the first token 'Wan' matches exactly in both records, and the final token 'Koi' matches exactly in both records. However, the middle tokens are 'Kuok' for the client and 'Robert' for the hit. 'Kuok' is a name typically found in Cantonese/Chinese contexts, whereas 'Robert' is a traditional Western given name. These two middle names are irreconcilably different and do not represent a typo, abbreviation, or transliteration variant of one another. Because the middle names are distinct and unrelated, I conclude that these are two different individuals who happen to share the same first and last names.",disqualify,ollama
